分类,中文,English,日本語
游戏本体,明日方舟：终末地,Arknights: Endfield,アークナイツ：エンドフィールド
游戏本体,终末地,Endfield,エンドフィールド
游戏本体,终末地工业,Endfield Industries,終末地工業
游戏本体,鹰角网络,Hypergryph | Gryphline,ハイパーグリフ | グリフライン
游戏本体,峘形山工作室,Grandet Mountain Studio,
游戏本体,塞壬唱片,Siren Records,セイレーンレコード
世界观 / 星球 / 核心概念,塔卫二,Talos-II,タロII
世界观 / 星球 / 核心概念,塔罗斯,Talos,タロス
世界观 / 星球 / 核心概念,泰拉,Terra,テラ
世界观 / 星球 / 核心概念,塔罗斯历,Talos Calendar,タロス暦
世界观 / 星球 / 核心概念,源石,Originium,オリジニウム
世界观 / 星球 / 核心概念,源石技艺,Arts,源石技芸 | アーツ
世界观 / 星球 / 核心概念,矿石病,Oripathy,オリパシー
世界观 / 星球 / 核心概念,感染者,Infected,感染者
世界观 / 星球 / 核心概念,超域,Umbra,ウムブラ | 超域
世界观 / 星球 / 核心概念,动态侵蚀,Dynamic Corrosion,動的侵食
世界观 / 星球 / 核心概念,裂隙,Rift,裂け目 | リフト
世界观 / 星球 / 核心概念,甚大裂隙,Major Rift,甚大裂け目
世界观 / 星球 / 核心概念,侵蚀,Corrosion | Erosion,侵食
世界观 / 星球 / 核心概念,协议源石,Protocol-Originium,プロトコル?オリジニウム
世界观 / 星球 / 核心概念,源石大树,Originium Tree,オリジニウム大樹
世界观 / 星球 / 核心概念,息壤,Restorative Soil | Xi Rang,息壤 | シーラン
世界观 / 星球 / 核心概念,壤心玉,Core-Heart Jade,壌心玉
世界观 / 星球 / 核心概念,灰质钉,Lynchpin,リンチピン
世界观 / 星球 / 核心概念,巨兽心脏,Colossus Heart,巨獣心臓
世界观 / 星球 / 核心概念,巨兽代理人,Colossus Proxy,巨獣代理人
世界观 / 星球 / 核心概念,司岁台,Si Sui Tai | Seasons Altar,司歳台
世界观 / 星球 / 核心概念,萨米,Sami,サーミ
世界观 / 星球 / 核心概念,终末地工业「零号委托」,Zeroth Directive,ゼロ号委託
世界观 / 星球 / 核心概念,「环带公约」,Belt Accord | Accord of the Civilized Belt,環帯公約
世界观 / 星球 / 核心概念,文明环带,Civilized Belt,文明環帯
核心地点 / 地标,帝江号,OMV Dijiang,帝江号 | ていごうごう
核心地点 / 地标,协议传送,Protocol Teleport,プロトコル転送
核心地点 / 地标,静滞核心,Stasis Core,スタシスコア
核心地点 / 地标,协议奇点,Protocol Singularity,プロトコル特異点
核心地点 / 地标,行迹高塔,Trailblaze Tower,
核心地点 / 地标,四号谷地,Valley IV,ヴァレーIV | 四号谷地
核心地点 / 地标,枢纽区,Hub Area,ハブエリア
核心地点 / 地标,源石研究园,Originium Research Park,オリジニウム研究園区
核心地点 / 地标,矿脉源区,Mineral Vein Area,鉱脈源区
核心地点 / 地标,供能高地,Energy Highlands,供能高地
核心地点 / 地标,阿伯莉采石场,Abri Quarry,アブリ採石場
核心地点 / 地标,阿伯莉之石,Stone of Abri,アブリの石
核心地点 / 地标,谷地通道,Valley Pass,谷地通路
核心地点 / 地标,武陵,Wuling City,武陵
核心地点 / 地标,武陵甚大裂隙,Wuling Major Rift,武陵甚大裂け目
核心地点 / 地标,应龙关,Yinglong Pass,応龍関
核心地点 / 地标,应龙特勤队,Yinglong Special Task Force,応龍特別部隊
核心地点 / 地标,谈剑堂,Tanjian Hall,談剣堂
核心地点 / 地标,赤霄剑法,Chixiao Sword Art,赤霄剣法
核心地点 / 地标,北部禁区,Northern Restricted Zone,北部禁区
核心地点 / 地标,首墩,Shoudun | 首墩天师桩,首墩
核心地点 / 地标,试验园区,Test Garden,試験園区
核心地点 / 地标,藏剑谷,Sword-Hiding Valley,蔵剣谷
核心地点 / 地标,巨山吼兽,Mountain-Beast Howler | Mountain Roar Beast,巨山吼獣
核心地点 / 地标,迷踪林,Lost Forest,迷踪林
核心地点 / 地标,武陵竹林茎结虫,Wuling Bamboo Stem-Bug,武陵竹林茎節虫
核心地点 / 地标,景玉谷,Jingyu Valley,景玉谷
核心地点 / 地标,淬剑荡,Cuijian Lake,淬剣の池
核心地点 / 地标,清波寨,Qingbo Village,清波砦
核心地点 / 地标,赛梦珂,Samenkho,サイメンコ
核心地点 / 地标,城市母亲,City Mother,都市の母
核心地点 / 地标,特里格拉夫,Triglav,トリグラフ
核心地点 / 地标,玛尔思波利斯,Marspolis,マルスポリス
核心地点 / 地标,合金萝卜自由市,Alloy Turnip Free City,
核心地点 / 地标,众生長地,Common Ground | 游牧者聚居地,衆生長地
核心地点 / 地标,北部开拓区,Northern Expanse,北部開拓区
核心地点 / 地标,派蒙测试场,,パイモン試験場 | 超域試験場
核心地点 / 地标,极光,Aurora of Talos-II,タロIIの極光
核心地点 / 地标,传送台,Teleport Pad,転送台
势力 / 组织,塔卫二全联盟工团,United Workers Syndicates of Talos-II | U.W.S.T.,タロII全聯盟工業団 | 工業団連盟
势力 / 组织,联盟工团,Workers Syndicates | The Syndicates,工業団
势力 / 组织,环塔商会,Pan-Tower Trade Association,環塔商會
势力 / 组织,宏山科学院,Hongshan Academy of Sciences,宏山科学院
势力 / 组织,天师府,Tianshi Prefecture,天師府
势力 / 组织,罗德岛,Rhodes Island,ロドス島 | ロドス製薬
势力 / 组织,寂语修会,Order of the Silent Word,寂語修会
势力 / 组织,铁誓军,Iron Oath,鉄誓軍
势力 / 组织,众生长地,Common Ground,衆生長地
势力 / 组织,塞什卡,Se?'qa,セシュカ
势力 / 组织,巫术时刻,Witch's Hour,魔術刻刻 | ウィッチズアワー
势力 / 组织,战争王庭,Court of War,戦爭王庭
势力 / 组织,筑桥者,Bridge-Builder,橋築き人
势力 / 组织,裂地者,Landbreakers,裂地者
势力 / 组织,狼群氏族,Wolfpack,狼群氏族
势力 / 组织,碾骨氏族,Bonecrusher Clan,碾骨氏族
势力 / 组织,沙盗氏族,Sand Bandits,砂盗氏族
势力 / 组织,乌萨斯帝国内卫,Ursus Imperial Guard,ウルサス帝国近衛
势力 / 组织,商业联合会,Commerce Federation,商業連合
势力 / 组织,武装信使,Armed Courier,武装使者
势力 / 组织,源点,Origin Point,源点 | ジェネシス
势力 / 组织,创世者,Founders,創始者たち
势力 / 组织,危机处理小组,Crisis Response Squad,危機処理チーム
势力 / 组织,协议回收部门,Protocol Recovery Department,プロトコル回収部門
势力 / 组织,特种技术部门,Special Technical Division,特殊技術部門
势力 / 组织,Z7 行动组,Z7 Action Team,Z7行動隊
势力 / 组织,天师,Tianshi | 源石技艺学者,天師
势力 / 组织,萨科塔,Sankta,サンクタ
势力 / 组织,源石技艺适应性,Arts Aptitude,アーツ適性
势力 / 组织,铁誓军盾卫旗队,Shieldguard Brigade,盾衛旗隊
势力 / 组织,铁誓军陷阵旗队,Vanguard Banner,陥陣旗隊
势力 / 组织,联盟工团安全局,U.W.S.T. Security Bureau,工業団安全局
势力 / 组织,烙铁指令,Iron Brand,烙鉄指令 | ブランド指令
势力 / 组织,工业母舰,Industrial Mothership,工業母艦
玩家角色,管理员,Endministrator | F | Muyaruilin,エンドミニストレーター | F
终末地工业,佩丽卡,Perlica,ペルリカ | ペリカ | ペリ
终末地工业,陈千语,Chen Qianyu,陳千語 | ちんせんご
终末地工业,狼卫,Wulfgard,ヴォルフガルト
终末地工业,洛茜,Luppino | Rossi,ルッピノ | ロッシ
终末地工业,伊冯,Yvonne,イヴォンヌ
终末地工业,汤汤,Tangtang,タンタン
终末地工业,赛希,Xaihi,サイヒー
终末地工业,余烬,Ember,エンバー
终末地工业,弧光,Arclight,アークライト
终末地工业,卡缪,Catcher | Camille,キャッチャー | カミーユ
终末地工业,安塔尔,Antal,アータル
终末地工业,埃特拉,Aetra,エートラ
终末地工业,萤石,Fluorite,フルオライト
终末地工业,秋栗,Qiuli,秋栗 | チウリ
终末地工业,莱万汀,Laevatain,レーヴァテイン
终末地工业,洁尔佩塔,Gilberta,ジルベルタ
终末地工业,艾尔黛拉,Ardelia,アルデリア
终末地工业,昼雪,Snowshine,スノーシャイン
终末地工业,艾维文娜,Avywenna,アヴィウェナ
终末地工业,阿列什,Alesh,アレーシュ
终末地工业,骏卫,Mi Fu,ミーフ
终末地工业,庄方宜,Zhuang Fangyi,莊方宜 | そうほうぎ
终末地工业,弭弗,Mifu,ミーフ
终末地工业,黎风,Lifeng,李風 | リーフォン
终末地工业,大潘,Da Pan,ダーパン
终末地工业,别礼,Last Rite,ラストライト
终末地工业,罗斯里,Rossi,ロッシ
终末地工业,阿尔卡,Arcane,アルケイン
终末地工业,莉诺,Liino,リーノ
终末地工业,思 Si,Si,シー
终末地工业,银灰,,シルバーアッシュ関連
罗德岛 / 宏山 / 寂语修会 / 铁誓军 / 众生长地 / 塞什卡 等,弗莱明,Fleming,フレミング
罗德岛 / 宏山 / 寂语修会 / 铁誓军 / 众生长地 / 塞什卡 等,决,,決 | けつ
罗德岛 / 宏山 / 寂语修会 / 铁誓军 / 众生长地 / 塞什卡 等,阮一,Ruan Yi,阮一 | ルアンイー
罗德岛 / 宏山 / 寂语修会 / 铁誓军 / 众生长地 / 塞什卡 等,阮临,Ruan Lin,阮臨 | ルアンリン
罗德岛 / 宏山 / 寂语修会 / 铁誓军 / 众生长地 / 塞什卡 等,黑面煞,Hei Mian Sha,黒面煞
罗德岛 / 宏山 / 寂语修会 / 铁誓军 / 众生长地 / 塞什卡 等,陆令香,Lu Lingxiang,陸令香
罗德岛 / 宏山 / 寂语修会 / 铁誓军 / 众生长地 / 塞什卡 等,连晓雾,Lian Xiaowu,連暁霧
罗德岛 / 宏山 / 寂语修会 / 铁誓军 / 众生长地 / 塞什卡 等,雷法,,雷法
罗德岛 / 宏山 / 寂语修会 / 铁誓军 / 众生长地 / 塞什卡 等,聂菲斯,Nefarith,ネファリス
罗德岛 / 宏山 / 寂语修会 / 铁誓军 / 众生长地 / 塞什卡 等,阿达希尔,Adahir,アダヒル
罗德岛 / 宏山 / 寂语修会 / 铁誓军 / 众生长地 / 塞什卡 等,雅各布·迈森,Jacob Meissen,ヤーコプ?マイセン
罗德岛 / 宏山 / 寂语修会 / 铁誓军 / 众生长地 / 塞什卡 等,安德烈,Andre,アンドレ
罗德岛 / 宏山 / 寂语修会 / 铁誓军 / 众生长地 / 塞什卡 等,秦茳尺,Qin Jiangchi,秦茳尺
罗德岛 / 宏山 / 寂语修会 / 铁誓军 / 众生长地 / 塞什卡 等,菲奥娜,Fiona,フィオナ
罗德岛 / 宏山 / 寂语修会 / 铁誓军 / 众生长地 / 塞什卡 等,马丁·马文·马伦,Martin Mavin Marn,マーティン
罗德岛 / 宏山 / 寂语修会 / 铁誓军 / 众生长地 / 塞什卡 等,卡拉德,Carrad,キャラド
罗德岛 / 宏山 / 寂语修会 / 铁誓军 / 众生长地 / 塞什卡 等,小道奇,Dodgie,ドッジ
罗德岛 / 宏山 / 寂语修会 / 铁誓军 / 众生长地 / 塞什卡 等,佐藤光吾,Sato Kogo,佐藤光吾
罗德岛 / 宏山 / 寂语修会 / 铁誓军 / 众生长地 / 塞什卡 等,奥佩罗,Opero,オペロ
罗德岛 / 宏山 / 寂语修会 / 铁誓军 / 众生长地 / 塞什卡 等,吉米尼,Gimini | Peko | Darhoff | Tal,
罗德岛 / 宏山 / 寂语修会 / 铁誓军 / 众生长地 / 塞什卡 等,M3,M3,M3
罗德岛 / 宏山 / 寂语修会 / 铁誓军 / 众生长地 / 塞什卡 等,华法琳,Warfarin,ワーファリン
罗德岛 / 宏山 / 寂语修会 / 铁誓军 / 众生长地 / 塞什卡 等,普瑞赛斯,Priestess,プリーステス
罗德岛 / 宏山 / 寂语修会 / 铁誓军 / 众生长地 / 塞什卡 等,博士,Doctor,ドクター
罗德岛 / 宏山 / 寂语修会 / 铁誓军 / 众生长地 / 塞什卡 等,希尔达,Hilda,ヒルダ
罗德岛 / 宏山 / 寂语修会 / 铁誓军 / 众生长地 / 塞什卡 等,阿莱克琉斯,Alexius,アレキシウス
罗德岛 / 宏山 / 寂语修会 / 铁誓军 / 众生长地 / 塞什卡 等,凯尔希,Kal'tsit,ケルスィ
罗德岛 / 宏山 / 寂语修会 / 铁誓军 / 众生长地 / 塞什卡 等,麦斯·克劳,Max Crow,マックス?クロウ
罗德岛 / 宏山 / 寂语修会 / 铁誓军 / 众生长地 / 塞什卡 等,法比安·柯林斯,Fabian Collins,ファビアン?コリンズ
罗德岛 / 宏山 / 寂语修会 / 铁誓军 / 众生长地 / 塞什卡 等,艾莱扎·柯林斯,Eleazar Collins,エレイザ?コリンズ
种族（部分出现在终末地中）,龙,Lung,龍 | ロン
种族（部分出现在终末地中）,黎博利,Liberi,リーベリ
种族（部分出现在终末地中）,鲁珀,Lupo,ルポ
种族（部分出现在终末地中）,萨卡兹,Sarkaz,サルカズ
种族（部分出现在终末地中）,食腐者,Ghoul | 萨卡兹分支,グール
种族（部分出现在终末地中）,阿纳萨,Anura,アヌラ
种族（部分出现在终末地中）,菲林,Feline,フェリン
种族（部分出现在终末地中）,库兰塔,Kuranta,クランタ
种族（部分出现在终末地中）,瓦伊凡,Vouivre,ヴュイヴル
种族（部分出现在终末地中）,萨弗拉,Savra,サヴラ
种族（部分出现在终末地中）,沃尔珀,Vulpo,ヴルポ
种族（部分出现在终末地中）,斐迪亚,Fedu,フェドゥ
种族（部分出现在终末地中）,卡特斯,Cautus,カウタス
种族（部分出现在终末地中）,佩洛,Perro,ペロ
种族（部分出现在终末地中）,乌萨斯,Ursus,ウルサス
种族（部分出现在终末地中）,丰蹄,Forte,フォルテ
种族（部分出现在终末地中）,卡普里尼,Caprinae,カプリーニ
种族（部分出现在终末地中）,阿戈尔,Aegir,イージル
种族（部分出现在终末地中）,阿纳缇,Anur,アヌル
种族（部分出现在终末地中）,德拉克,Draco,ドラコ
种族（部分出现在终末地中）,人类,Human,人間
职业 / 战斗类型,先锋,Vanguard,ヴァンガード | 先鋒
职业 / 战斗类型,突袭,Striker,ストライカー | 突撃
职业 / 战斗类型,近卫,Guard,ガーディアン | 近衛
职业 / 战斗类型,重装,Defender,ディフェンダー | 重装
职业 / 战斗类型,术师,Caster,キャスター | 術師
职业 / 战斗类型,辅助,Supporter,サポーター | 補助
职业 / 战斗类型,远程,Ranged,遠距離
职业 / 战斗类型,治疗,Medic | Healer,メディック | 治療
职业 / 战斗类型,干员,Operator,オペレーター
元素 / 元素反应（Arts System）,物理,Physical,物理
元素 / 元素反应（Arts System）,炎热,Heat,炎熱
元素 / 元素反应（Arts System）,寒冷,Cryo,冷厳
元素 / 元素反应（Arts System）,电,Electric,電気
元素 / 元素反应（Arts System）,自然,Nature,自然
元素 / 元素反应（Arts System）,元素附着,Arts Infliction,アーツインフリクション
元素 / 元素反应（Arts System）,元素爆发,Arts Burst,アーツバースト
元素 / 元素反应（Arts System）,元素反应,Arts Reaction,アーツリアクション
元素 / 元素反应（Arts System）,燃烧,Combustion,コンバッション
元素 / 元素反应（Arts System）,电磁异常,Electrification,エレクトリフィケーション
元素 / 元素反应（Arts System）,凝固,Solidification,ソリディフィケーション
元素 / 元素反应（Arts System）,腐蚀,Corrosion,コロージョン
元素 / 元素反应（Arts System）,粉碎,Shatter,シャッター
元素 / 元素反应（Arts System）,脆弱,Vulnerable,バルネラブル
元素 / 元素反应（Arts System）,撕裂,Breach,ブリーチ
元素 / 元素反应（Arts System）,击飞,Lift,リフト
元素 / 元素反应（Arts System）,击倒,Knock Down,ノックダウン
元素 / 元素反应（Arts System）,碾碎,Crush,クラッシュ
元素 / 元素反应（Arts System）,失衡值,Stagger,スタッガー
元素 / 元素反应（Arts System）,失衡状态,Staggered,スタッガー状態
元素 / 元素反应（Arts System）,失衡节点,Stagger Node,スタッガーノード
元素 / 元素反应（Arts System）,处决,Finisher,フィニッシャー
元素 / 元素反应（Arts System）,重击,Heavy Strike,ヘビーストライク
元素 / 元素反应（Arts System）,落击,Plunging Attack,プラウンジングアタック
元素 / 元素反应（Arts System）,完美闪避,Perfect Dodge,パーフェクトドッジ
元素 / 元素反应（Arts System）,干员属性：力量,Strength,力 | STR
元素 / 元素反应（Arts System）,干员属性：敏捷,Agility,敏捷 | AGL
元素 / 元素反应（Arts System）,干员属性： intellect,Intellect,知性 | INT
元素 / 元素反应（Arts System）,干员属性：意志,Will,意志 | WIL
元素 / 元素反应（Arts System）,战技,Battle Skill,バトルスキル
元素 / 元素反应（Arts System）,连携技,Combo Skill,コンボスキル
元素 / 元素反应（Arts System）,终结技,Ultimate Skill,アルティメットスキル
元素 / 元素反应（Arts System）,主动技,Active Skill,アクティブスキル
元素 / 元素反应（Arts System）,技力,Skill Points | SP,スキルポイント | SP
武器类型,剑,Sword,剣
武器类型,双手剑,Greatsword,両手剣
武器类型,长柄,Polearm,槍 | 長柄武器
武器类型,手铳,Handcannon,拳銃 | ハンドキャノン
武器类型,法器,Arts Unit,アーツユニット
武器类型,装备,Gear,ギア
武器类型,武器,Weapon,武器
武器类型,护甲,Armor,鎧
武器类型,护手,Gloves,籠手
武器类型,配件,Accessory,アクセサリー
装备品质 / 等级,普通,Common | 绿,コモン
装备品质 / 等级,高级,Uncommon | 蓝,アンコモン
装备品质 / 等级,稀有,Rare | 紫,レア
装备品质 / 等级,史诗,Epic,エピック
装备品质 / 等级,传说,Legendary | 金,レジェンダリー
装备品质 / 等级,改,Refined | Modified,改
装备品质 / 等级,专属武器,Signature Weapon,シグネチャーウェポン
装备品质 / 等级,基质,Matrix,マトリクス
装备品质 / 等级,无瑕基质,Flawless Matrix,完璧マトリクス
装备品质 / 等级,精锻,Reforge,精鍛
武器名（部分 6 星 / 5 星）,无双之名,Eminent Repute,
武器名（部分 6 星 / 5 星）,锻造之伤,Forgeborn Scathe,
武器名（部分 6 星 / 5 星）,宏愿,Grand Vision,
武器名（部分 6 星 / 5 星）,永无止息,Never Rest,
武器名（部分 6 星 / 5 星）,飞速,Rapid Ascent,
武器名（部分 6 星 / 5 星）,烈性切割者,Thermite Cutter,
武器名（部分 6 星 / 5 星）,暗影火炬,Umbral Torch,
武器名（部分 6 星 / 5 星）,O.B.J. 轻芒,O.B.J. Lightspark,O.B.J.ライトスパーク
武器名（部分 6 星 / 5 星）,长枪「奥佩罗 77」,Opero-77,オペロ-77
敌人 / 生态 / 灾害,天使,Aggeloi,アンゲロス
敌人 / 生态 / 灾害,锚点,Anchor,アンカー
敌人 / 生态 / 灾害,蚀影,Umbral Shade | Corroded Remnant,蝕影 | 蚀影エロージョン?シャドウ
敌人 / 生态 / 灾害,蚀影牙兽,Shade Feral Hound,蝕影牙獣
敌人 / 生态 / 灾害,蚀影应龙前锋,Shade Yinglong Vanguard,蝕影応龍先鋒
敌人 / 生态 / 灾害,蚀影应龙尖兵,Shade Yinglong Sharpshooter,蝕影応龍尖兵
敌人 / 生态 / 灾害,蚀影棘球刺兽,Shade Spiny Orb Beast,蝕影棘球刺獣
敌人 / 生态 / 灾害,蚀影球刺兽,Shade Spherical Beast,蝕影球刺獣
敌人 / 生态 / 灾害,蚀影彪兽,Shade Dire Beast,蝕影彪獣
敌人 / 生态 / 灾害,蚀影应龙破阵手,Shade Yinglong Breaker,蝕影応龍破陣手
敌人 / 生态 / 灾害,蚀影应龙队长,Shade Yinglong Captain,蝕影応龍隊長
敌人 / 生态 / 灾害,蚀影噪雷,Shade Thunderhowl,蝕影噪雷
敌人 / 生态 / 灾害,白色蚀影,White Shade,ホワイトシェード
敌人 / 生态 / 灾害,星体,Astrolabe | Trinity,星体 | 三位一体
敌人 / 生态 / 灾害,白垩界卫,Chalk Warden,白亜界衛
敌人 / 生态 / 灾害,水花子,Water Wisp,水花子
敌人 / 生态 / 灾害,山犼兽,Mountain Guardian Beast,山犼獣
敌人 / 生态 / 灾害,披甲裂兽,Armored Rift Beast,披甲裂獣
敌人 / 生态 / 灾害,联盟工团安全巡逻,U.W.S.T. Security Patrol,
敌人 / 生态 / 灾害,故障机器人,Malfunctioning Robot | Delta Unit,故障ロボット | デルタ型
敌人 / 生态 / 灾害,胆小源石虫,Shy Originium Slug,臆病オリニウムムシ
敌人 / 生态 / 灾害,瘤兽,Tumor Beast,瘤獣
敌人 / 生态 / 灾害,咆兽,Rattle Beast,咆獣
敌人 / 生态 / 灾害,小咆兽,Mini Rattle Beast,小咆獣
系统 / 玩法 / 核心机制,集成工业系统,Automated Industrial Complex | AIC,集成工業システム | AIC
系统 / 玩法 / 核心机制,嵌造体,AIC | 代号,エンブリオ | AIC
系统 / 玩法 / 核心机制,自动化生产,Automated Production,自動化生産
系统 / 玩法 / 核心机制,装配站,Assembly Station,組立ステーション
系统 / 玩法 / 核心机制,培养舱,Cultivation Chamber,培養チャンバー
系统 / 玩法 / 核心机制,加工舱,Manufacturing Cabin,加工キャビン
系统 / 玩法 / 核心机制,仓库,Storage,倉庫
系统 / 玩法 / 核心机制,物流,Logistics | Conveyor,物流 | コンベア
系统 / 玩法 / 核心机制,地区发展,Regional Development,地域発展
系统 / 玩法 / 核心机制,调度券,Dispatch Voucher,调度券 | ディスパッチ券
系统 / 玩法 / 核心机制,谷地刻写券,Valley Inscription Voucher,谷地刻写券
系统 / 玩法 / 核心机制,区域基地,Outpost,アウトポスト
系统 / 玩法 / 核心机制,供能系统,Power System,エネルギー供給
系统 / 玩法 / 核心机制,中继器,Relay,中継器
系统 / 玩法 / 核心机制,供电桩,Power Pylon,給電杭
系统 / 玩法 / 核心机制,资源回收站,Resource Recycling Station,資源回収所
系统 / 玩法 / 核心机制,猫头鹰,Owl Cache,オウルキャッシュ
系统 / 玩法 / 核心机制,萝卜,Carrot Cache,ニンジンキャッシュ
系统 / 玩法 / 核心机制,醚质,Aether,Ａ剤 | エーテル
系统 / 玩法 / 核心机制,醚质结晶,Aether Crystal,エーテル結晶
系统 / 玩法 / 核心机制,能量淤积点,Energy Accumulation Point,エネルギー堆積点
系统 / 玩法 / 核心机制,重度能量淤积点,High-Density Energy Point,重度エネルギー堆積点
系统 / 玩法 / 核心机制,末制源石,Protocol Core,プロトコルコア
系统 / 玩法 / 核心机制,源石树苗,Originium Sapling,オリニウム苗木
系统 / 玩法 / 核心机制,调查点,Investigation Point,調査ポイント
系统 / 玩法 / 核心机制,采录桩,Recording Post,採録ポスト
系统 / 玩法 / 核心机制,战术物品,Tactical Item,戦術アイテム
系统 / 玩法 / 核心机制,简制系统,Crafting System,簡易制作
系统 / 玩法 / 核心机制,战术轴承,Tactical Bearing,戦術ベアリング
系统 / 玩法 / 核心机制,冷却单元,Cooling Unit,冷却ユニット
系统 / 玩法 / 核心机制,协议传送点,Protocol Teleport Point,プロトコル転送点
系统 / 玩法 / 核心机制,滑动,Zipline,ジップライン
系统 / 玩法 / 核心机制,头猎,Headhunting,ヘッドハント
系统 / 玩法 / 核心机制,基础头猎,Basic Headhunting,ベーシックヘッドハント
系统 / 玩法 / 核心机制,新手头猎,New Horizons Headhunting,ニューホライズンヘッドハント
系统 / 玩法 / 核心机制,特许寻访,Special Headhunting,特別ヘッドハント
系统 / 玩法 / 核心机制,寻访说明,Headhunting Notice,ヘッドハント告知
系统 / 玩法 / 核心机制,雇佣契约,Employment Contract,雇用契約
系统 / 玩法 / 核心机制,信赖,Trust | Bond,信頼 | 絆
系统 / 玩法 / 核心机制,信赖等级,Trust Level,信頼レベル
系统 / 玩法 / 核心机制,潜能,Potential,ポテンシャル
系统 / 玩法 / 核心机制,精英化,Elite Promotion,エリート昇格
系统 / 玩法 / 核心机制,精 ,Elite /2/3/4,エリート/2/3/4
系统 / 玩法 / 核心机制,突破,Breakthrough,突破
系统 / 玩法 / 核心机制,培养,Training,育成
系统 / 玩法 / 核心机制,天赋,Talent,才能 | タレント
系统 / 玩法 / 核心机制,战斗天赋,Combat Talent,戦闘タレント
系统 / 玩法 / 核心机制,基建天赋,Base Talent,基地タレント
系统 / 玩法 / 核心机制,干员档案,Operator Profile,オペレータープロフィール
系统 / 玩法 / 核心机制,履历,Resume | Record,履歴
系统 / 玩法 / 核心机制,干员叙事,Operator Story,オペレーター叙事
系统 / 玩法 / 核心机制,主线任务,Main Mission,メインミッション
系统 / 玩法 / 核心机制,支线任务,Side Mission,サブミッション
系统 / 玩法 / 核心机制,调查任务,Investigation Mission,調査任務
系统 / 玩法 / 核心机制,日常任务,Daily Mission,デイリー任務
系统 / 玩法 / 核心机制,活动任务,Event Mission,イベント任務
系统 / 玩法 / 核心机制,限时任务,Limited Mission,期間限定任務
系统 / 玩法 / 核心机制,成就,Achievement,実績
系统 / 玩法 / 核心机制,危机合约,Contingency Contract,コンティンジェンシー契約
系统 / 玩法 / 核心机制,选剑演武,Sword-Selection Tournament,選剣演武
系统 / 玩法 / 核心机制,区域事件,Regional Event,地域イベント
系统 / 玩法 / 核心机制,蚀刻章,Etched Emblem,蝕刻章
系统 / 玩法 / 核心机制,行迹,Trail,軌跡 | 行跡
系统 / 玩法 / 核心机制,储物舱,Storage Bay,ストレージベイ
系统 / 玩法 / 核心机制,加工舱工艺,Manufacturing Process,加工プロセス
系统 / 玩法 / 核心机制,仓库线,Storage Line,倉庫ライン
系统 / 玩法 / 核心机制,大信标,Major Beacon,大ビーコン
系统 / 玩法 / 核心机制,弹性需求,Elastic Demand,弾力的需要
系统 / 玩法 / 核心机制,紫药,Purple Med | Purple Battery,紫薬 | 紫電池
系统 / 玩法 / 核心机制,试作园,Prototype Garden,試作園
系统 / 玩法 / 核心机制,集成式移动地块生产坞,Integrated Mobile Block Production Dock,統合可動産区生産ドック
系统 / 玩法 / 核心机制,赠送,Supply Support,支援供給
系统 / 玩法 / 核心机制,寻宝,Investigation | Survey Point,調査 | 測量ポイント
系统 / 玩法 / 核心机制,任务编队,Mission Squad,任務編隊
系统 / 玩法 / 核心机制,关卡,Stage,ステージ
系统 / 玩法 / 核心机制,联机,Co-op,マルチプレイ
系统 / 玩法 / 核心机制,好友飞船,Friend's OMV,フレンドの艦
系统 / 玩法 / 核心机制,信用交易所,Credit Exchange,信用交易所
货币 / 物品,折金票,Folded Gold Voucher,折金票 | おうきんぴょう
货币 / 物品,衍质源石,Derivative Originium,衍質源石
货币 / 物品,嵌晶玉,Embedded Jade,嵌晶玉
货币 / 物品,头猎凭证,Basic HH Permits,ベーシックヘッドハント許可証
货币 / 物品,特许头猎凭证,Chartered HH Permits,特別ヘッドハント許可証
货币 / 物品,培养素材,Training Material,育成素材
货币 / 物品,突破材料,Promotion Material,突破素材
货币 / 物品,武器素材,Weapon Material,武器素材
货币 / 物品,通用无瑕基质,Universal Flawless Matrix,汎用無瑕マトリクス
货币 / 物品,专属无瑕基质,Signature Flawless Matrix,専属無瑕マトリクス
货币 / 物品,矿石,Originium Ore,源鉱
货币 / 物品,蓝铁矿,Blue Iron Ore,青鉄鉱
货币 / 物品,紫晶矿,Amethyst Ore,紫晶鉱
货币 / 物品,石墨矿脉,Graphite Vein,石墨鉱脈
货币 / 物品,钛合金碎片,Titanium Alloy Shard,チタン合金片
货币 / 物品,原木,Log,原木
货币 / 物品,荞花,Buckwheat Flower,蕎麦の花
货币 / 物品,砂叶,Sandleaf,砂葉
货币 / 物品,紫晶质瓶,Amethyst Bottle,紫晶質瓶
货币 / 物品,蓝色素材,Blue Material | 战术轴承/冷却单元等,ブルー素材
版本 / 章节 / 活动,核心章节,Core Chapter,コアチャプター
版本 / 章节 / 活动,「向渊行」,To the Abyss,淵へ向かう
版本 / 章节 / 活动,「武陵决战篇」,Wuling Decisive Battle,武陵決戦篇
版本 / 章节 / 活动,「寻遗散记」,Seeking the Lost,遺失探索記
版本 / 章节 / 活动,「晨星于此闪耀」,Stars Shine at Dawn,暁星ここに輝く
版本 / 章节 / 活动,半周年,Half Anniversary,半年アニバーサリー
版本 / 章节 / 活动,公测,Global Launch,グローバルリリース
版本 / 章节 / 活动,全球公测日期,2026//22,2026//22
版本 / 章节 / 活动,日本游戏大赏 2024「未来期待奖」,Japan Game Awards 2024 "Future Division",日本ゲーム大賞 2024「期待度賞」
其他常见术语 / 杂项,终末地探索手册,Endfield Exploration Manual,エンドフィールド探索手帳
其他常见术语 / 杂项,终末地工业行动指南,Endfield Industries Operations Guide,終末地工業行動指南
其他常见术语 / 杂项,塔卫二探索手册,Talos-II Exploration Manual,タロII探索手帳
其他常见术语 / 杂项,源石林,Originium Forest,源石の林
其他常见术语 / 杂项,再旅者,Retracer,再旅者
其他常见术语 / 杂项,协议回收,Protocol Recovery,プロトコル回収
其他常见术语 / 杂项,自动化集成工业系统,Automated Integrated Industrial System,自動化集成工業システム
其他常见术语 / 杂项,「传送技术」,Teleport Technology,転送技術
其他常见术语 / 杂项,「塔罗」,Talos,タロス
其他常见术语 / 杂项,「灰质钉」,Lynchpin,リンチピン
其他常见术语 / 杂项,「应龙」,Yinglong | 龙形巨兽,応龍
其他常见术语 / 杂项,「岁兽」,Sui-Beast | 巨兽代理权能,歳獣
其他常见术语 / 杂项,岁兽代理人,Colossus Proxy,巨獣代理人
其他常见术语 / 杂项,祀,Si | 代理,祀 | し
其他常见术语 / 杂项,巴别塔,Babel,バベル
其他常见术语 / 杂项,普瑞赛斯之刃,Blade of Priestess,プリーステスの刃
其他常见术语 / 杂项,维什戴尔,Wisdel | 再旅者之一,ヴィシュデール
其他常见术语 / 杂项,预告家,Prophet,預言家
